rainfall,temperature,humidity,river_level,risk_level
218.5430534813131,24.62832322096549,55.70234102415436,7.054326947880082,Medium
477.8214378844623,33.54752368445895,54.81872794431999,8.170132574722352,High
379.3972738151323,41.82364589691021,94.3752748312622,3.254211089132491,Medium
319.3963178886665,38.305622160239025,54.972771990970365,6.6238668964629905,Medium
120.20838819909643,40.16402869653624,56.316983567717855,6.145713848293738,Low
120.1975341512912,36.469584167767934,85.56389574507782,8.495473391094439,Low
76.13762547568976,37.306914112946316,66.9843905470324,9.154783544331345,Low
439.7792655987208,41.22989128913298,86.60263341731087,1.1094109432964814,Medium
320.50175528444396,26.241700221479647,43.92196945386311,7.066179271529134,Medium
368.63266000822045,32.23562409107851,69.25427162040306,1.4665221920775613,Medium
59.263022433111104,25.530236045490057,42.016816010996955,5.939727985696203,Low
486.45943347289744,44.69170019991617,43.75919220732127,3.588694561393104,Medium
424.59918836018977,43.60148349216533,94.38624720066466,3.760989395699271,Medium
145.55259980522428,20.98567028421265,48.354722267055706,4.176626531071209,Low
131.82123524319528,37.63937931289221,71.94524093651303,6.591632041446491,Low
132.53202943404523,43.13120793539164,64.66573615604239,4.006449691018923,Low
186.90900933179196,24.51438362818334,60.84059957553056,7.594291455312524,Low
286.140394234507,34.198630763815736,93.99000074123634,4.640746470164827,Medium
244.3752583889521,42.887207439701044,41.30940380652937,1.6151788027896274,Medium
181.05311308911885,20.84864946464497,79.82738117053535,8.053838582356965,Low
325.33380262507075,37.435506681171,97.80366605281303,3.571824921334354,Medium
112.77223729341883,27.43372518431377,73.61009100771051,4.894901916393364,Low
181.46509184084817,43.10990488441326,96.20934772198551,7.168994948997113,Low
214.86282948216126,44.27645612913419,43.13547275716142,3.992105414338408,Medium
255.23149289766616,43.60666222783585,65.12759914444968,1.5092709053204407,Medium
403.3291826268561,31.855355416436595,55.60946745772307,4.365289423115322,Medium
139.85320197126188,41.55106627473283,83.84925789884379,9.50003724424873,Low
281.4054972861252,41.11373496337676,98.8778254298348,6.775609575687024,Medium
316.5865559879191,27.97751183108139,55.39180374665487,7.043312338004863,Medium
70.90268572399897,40.72288685376694,79.25047608844446,6.690539382738758,Low
323.39518335564725,20.925190867887316,51.88585796558441,2.7909292506349312,Medium
126.73585565928119,34.90674696205133,73.9198152742966,4.765004776920521,Low
79.27321684337578,25.750220932192576,67.83594920130017,7.758458185269864,Low
476.99849176399994,23.01417214443197,98.32031977789222,1.9123560779784323,Medium
484.53441488355173,21.92383004073023,76.51163636178799,3.5006749848074104,Medium
413.7788066524075,37.407219396953494,60.97038232520913,3.4868719761926825,Medium
187.07619612801682,28.49687409420165,46.845747093276,4.888170348350554,Low
93.95245130287273,38.11916928821904,49.07480972409607,9.823318668479665,Low
357.9048619304706,21.63390851997356,53.519015797074104,1.6075229201543975,Medium
248.06862218282058,27.88225844576526,55.05799968041788,5.668308949425355,Medium
104.91720568015047,33.48728230938343,91.03696347046827,2.614282138109894,Low
272.8296095500716,39.76807912097409,73.6733672969515,9.736088908687698,Medium
65.47483450184828,27.968812573301747,71.40345468246198,2.019731542547178,Low
459.1941809354519,35.647284410925224,46.88613231215305,4.632409021254321,Medium
166.4509917200076,42.14944370590467,91.6083816009661,7.6409648635114555,Low
348.1350279592919,35.39657970455762,83.36885819250902,7.340989852247008,Medium
190.26998424023492,25.823986868840844,44.0601017140001,4.8045577320453905,Low
284.0306095300149,20.610019538913452,82.47010583378612,4.118717511574464,Medium
296.01962570447586,41.752471847523246,72.61229304055877,4.578511406975835,Medium
133.18450498648718,20.531735271259677,44.9035207448067,3.3784863684277537,Low
486.31308249405134,41.867541817104986,67.49803849171938,2.847996448361198,Medium
398.80977051250153,33.2234283506803,69.08177722780282,5.34735727803001,Medium
472.7745237038851,43.476692462822406,49.94647240979654,3.416803804608466,Medium
452.67230769244196,39.96958089434163,96.74188882001694,3.587154984075251,Medium
319.0549904649883,44.94835276333343,90.99852228883972,6.910804571271013,Medium
464.84340576040256,28.767795386292754,80.1413402397465,9.71683598529903,High
89.82162592336377,39.17970722327817,67.73773366003644,6.432734805034376,Low
138.19228808861533,30.048272840231053,64.70593249507051,1.6928152035846966,Low
70.35228000974213,31.99689050759772,79.05840802905725,1.680252524686603,Low
196.39864884346895,35.687636580459255,72.72591216441432,9.562808987610094,Low
224.9047803602669,41.841927854658465,43.73638635291314,3.6756171127660027,Medium
172.10706429825316,44.602086729982375,70.75015892621991,1.828602874742279,Low
422.9318791183682,39.206835346612955,88.38421703397037,6.391401284353434,Medium
210.53899701211517,30.444169554183343,67.55439265581748,6.612839004612395,Medium
176.42052935932134,30.533925056926755,43.117394653256106,6.836543381068194,Low
294.21323742121183,38.43955753972229,87.17669196304199,3.4066182507178717,Medium
113.41590123864319,25.969428644207557,52.08182692815846,1.1359961579302753,Low
410.98864133931784,22.761852828284866,55.51725009328233,9.685138325090247,High
83.54778965589688,28.865553941019414,49.882381205937754,3.2580374112199224,Low
494.0991214702328,27.180974791352043,59.81290389228985,7.084236592472927,High
397.51014618349586,27.407703011399754,85.4050903413181,7.3596688289083865,High
139.4220566903776,25.840193776247748,71.16315157023624,6.490066753715372,Low
52.48495270562108,21.052329740909048,52.29287644904275,3.816166547922834,Low
416.95764280467534,20.446848368335345,92.66980468912246,3.439866283876592,Medium
368.0858047314277,44.69305974340079,92.77491129709175,6.379014544324328,Medium
378.0532256184443,30.694328343396556,92.23470550276042,8.794860702505224,High
397.0716560086756,29.608166178992043,54.32777268289236,9.52060356031056,High
83.32009328034067,36.99118206732675,67.07436065085929,1.9531522396338188,Low
211.30957784492267,25.456347196626602,99.0993793684525,2.3934575133794787,Medium
102.14107678630837,43.749029598755634,86.32074857859942,9.502626329047716,Low
438.3965416440171,39.6586253603888,41.63004527353359,7.628817055013133,High
330.48415707240105,22.235275057806486,43.91227547562952,8.946944423467958,Medium
198.90411118369212,30.43951939462321,67.83588260873996,2.8236937072180885,Low
78.60125762871064,41.97795768905412,94.55321235169362,6.288272839984617,Low
189.94204477204798,43.61830055728525,72.32210787716285,7.310256349757263,Low
196.33249491203617,31.68503778124674,69.86875048205741,7.121006969022754,Low
378.32278025212884,35.335284730267695,46.32842199739783,4.673365217800283,Medium
336.9008621098459,24.17584865230188,79.40680628345764,1.1385540252217763,Medium
449.24573415934697,44.779215653424416,89.32618963601354,6.246334511238368,Medium
262.4967163228772,25.791792534586087,62.825200450453735,3.2779138526164786,Medium
103.81741067223577,43.56829435337814,86.53671105551965,5.052288215286013,Low
370.9601542503477,36.24116622480921,97.8685992340487,9.618229135754357,High
392.35327187760385,35.19341987197148,52.22598754766135,4.591317858781912,Medium
302.5747389062733,32.81721277541271,71.39977787168448,8.55821445997984,Medium
396.93523097955244,25.766745292943966,57.22827748507453,2.6968654517432604,Medium
272.20801836397584,24.41320080013771,87.57126514203037,7.052144482225259,Medium
285.2297732218973,25.512155226754384,74.65560195286946,9.793062589950491,Medium
242.39345826134732,24.66095655360636,78.07494505301823,1.917037907856431,Medium
61.43860703484283,39.48961183916883,87.87484957695364,1.074879480044728,Low
98.551142146987,28.753131479168253,63.75822835974729,4.902245133693529,Low
64.14313355903042,21.44606691408491,94.90540410442259,1.8336293474623049,Low
336.3846850687012,44.22756575352028,71.9817320347684,7.7354591470860825,Medium
191.460191484347,42.09464712408564,49.47728937012088,9.23093797463703,Low
278.85681102411627,43.19380707988032,81.75394709012815,4.90618875437883,Medium
458.40491326674186,44.872695566160886,87.59568102629527,3.3284047793989684,Medium
162.18150311699372,24.347381230487184,59.0057006240516,4.909629871059488,Low
234.6723153660334,29.90605047256647,91.43075541992518,7.511030360650009,Medium
389.9980123443719,38.95596189260228,94.36859528594599,1.0814874542233388,Medium
152.9591744712301,37.4005154513448,56.614269242668534,6.305085905362275,Low
84.64095942295685,23.847397658496376,99.01128836291332,6.519625163986412,Low
180.38815381119562,40.395828124765444,48.442691682925506,6.73919422206342,Low
122.54957926430198,25.61101429591652,52.1209401041494,3.178198719827895,Low
468.36394355415786,25.595440370565576,51.053490354281564,7.426474510403141,High
413.65417080398765,33.42436057233534,93.63938260047223,1.8225233769859877,Medium
335.03169042969057,34.823498371042575,79.2575531394977,2.7934330282012074,Medium
442.15726558447295,34.50215519594528,49.12625699333637,8.897230419890338,High
411.6524346046015,22.287170934943873,66.41940510210094,7.648508356539097,High
133.95652649871613,41.936521565759506,76.91788150418813,1.1237099861021074,Low
451.65154932049,26.64000106471765,45.007845099362996,3.235386343328202,Medium
292.7040088620428,23.237873032070105,92.94498210444033,2.929658346938481,Medium
413.34806982382815,42.218701996724434,88.21621212649211,3.437256952332753,Medium
453.24108496557193,43.891287455743836,70.31240641459829,3.2280379325189776,Medium
193.10156373733875,41.55319043163627,98.02759691555022,1.5627366616856118,Low
99.52336603745454,40.23790186812195,65.06565875650598,5.130464649371383,Low
152.57082314387375,36.38104951597555,99.04661914218987,7.594601273075487,Low
242.19850488181535,33.77143426522848,80.07519992821761,6.4605855224569275,Medium
418.1066446651219,22.174668997785254,78.0802763952365,7.055845017382718,High
437.32876246535454,30.211330326767467,49.9572937177471,1.7303426068261523,Medium
53.128458739035814,29.31721292530785,92.91566549827864,9.563416391591085,Low
279.8362861599046,26.493844594008156,65.6493812752369,8.546426504587224,Medium
237.83495141695056,38.08550284221462,49.734004346948765,8.245812866460964,Medium
149.9485147118286,32.396893376969274,40.75645119854554,8.406854245375907,Low
103.93941530015726,22.0261553976912,73.58534101830296,9.394394573194852,Low
201.9268271316326,25.504580048745282,71.64397732736057,5.898285695023279,Medium
474.3093667606336,37.08146909148989,83.16121734214951,2.8025381608086333,Medium
195.44131940933985,21.903271487257506,93.41548318106813,6.551052470672871,Low
283.45577978451473,41.28017285121922,44.76439507858177,7.685933443011451,Medium
366.35853150283003,32.37866317534936,83.88978942042175,7.6412565401862285,High
213.63332107068229,32.0146644331662,51.244716645854936,5.693041217501921,Medium
487.3019372244323,34.81019461648794,91.49062318942984,1.6161284740022026,Medium
483.1012827239501,40.61702414812873,89.14381083169937,4.34001644587115,Medium
163.30203312141387,28.695230197554828,72.44762529913265,9.286899476170216,Low
273.7618276515734,36.95040381397659,82.61456791739869,6.260040187816834,Medium
185.39523941754635,34.143299099894776,58.861006791024906,5.84498748930142,Low
178.17822246986043,26.675706754235534,68.27007393596888,3.419681629439742,Low
66.59912630953976,41.96574965887895,89.2982138626283,4.31604027924921,Low
324.3039502909536,39.9356505401732,67.55591183039283,9.058114802378523,Medium
276.2055604529877,36.46129586646064,61.46789591952651,6.998167427741522,Medium
73.16543806249521,41.26454322735604,69.652746835018,8.086483240770995,Low
175.39090890647515,41.68235502399506,89.6949551462331,5.089108807608897,Low
458.7196486849942,37.70907441787587,60.11248284225236,6.672224975105421,Medium
157.8028508001376,40.925333209091804,50.42569558814463,3.2354524786888677,Low
115.20269244105039,37.43678654173209,82.72084121984685,7.349147472551376,Low
270.2537421249034,37.00351929400751,89.55869276248491,4.8484120033300355,Medium
493.5427043497703,35.46528445537961,46.038248711412,4.98290963333271,Medium
158.92487218017519,38.81791598894103,54.39244676535668,6.843900921191935,Low
352.4609963326453,23.96512763232684,48.51831938565964,9.42652559322034,High
392.7288268979229,42.02176897997321,60.87648469493,1.5760571194775883,Medium
156.93689479657985,41.7960881936308,67.02105873432475,8.422689136123068,Low
377.6973568753368,20.731182075863977,84.92958021779839,3.631447993709738,Medium
215.50240972366396,40.64541876411907,79.06885509290045,4.9952750905574,Medium
334.53762376711074,23.22174668683613,77.25571404870587,1.1972199589750807,Medium
335.08836984240264,28.377971356478547,61.142496796579266,3.7094147005088174,Medium
291.0986078336413,38.5877064072902,90.4868531850856,5.523681183671174,Medium
90.63039652448373,24.018997401207706,68.27723004388987,1.505584696126951,Low
425.88612301515707,40.44917560297655,98.74629628090926,5.419861564448486,Medium
194.35102923728113,40.80335444894355,78.04852829774421,9.343995659725845,Low
133.9333296799344,32.68669334402091,47.57588449387016,1.948538962970247,Low
68.34881369964376,20.15964679292084,80.57065372452604,7.879966552679539,Low
315.90182443470883,27.17595332937282,59.506240925901935,4.687039480383934,Medium
354.9039628290271,35.423172959393554,81.17963180116584,6.896563430719042,Medium
57.46452301753527,44.529654450685584,44.178468889744344,3.342129381867064,Low
280.44187623467644,35.79533817541671,50.49288623055756,2.4354303628722245,Medium
151.92309883907208,26.495089526603994,91.34423553434718,2.444163528441038,Low
340.32775568425245,35.85014257749028,53.63077342141089,1.634427510788302,Medium
128.46489305224617,33.49963449289639,90.22246751457641,2.670820344111187,Low
360.92198214610966,39.49613487877859,56.75656530726462,6.977974464900714,Medium
224.03090583524184,22.67451597067396,78.57291460352246,8.935215506591572,Medium
471.52849493153053,39.025697562550704,81.64903441058986,8.327131170320456,High
111.88442486569696,33.531664466902754,70.75928518870317,7.166208788870357,Low
203.47985797261632,44.07480009647487,58.31864060180388,1.9938867706999241,Medium
101.06308455826507,28.54680415096715,52.75866258226577,3.6026870166635483,Low
466.1121282253533,35.8155473283487,41.991361273745575,3.7882618779022206,Medium
444.80270902144144,43.30070263775043,58.23678407444343,3.249612517578591,Medium
166.07373247182002,22.56274319976698,79.18976743187699,5.635050937387508,Low
346.99282071538056,43.43071218091128,96.29828910690895,5.819984333917053,Medium
417.7499900905471,37.197143057520336,92.27226893578313,4.211973776539992,Medium
299.84036521975804,21.695926477629296,85.96388659211816,4.184102428627924,Medium
288.3427602602029,27.524089173670404,87.30684059519791,8.457000381154732,Medium
158.83353090520325,37.704302216132035,79.89909420855972,8.10363563487717,Low
91.89624551265464,21.683765036719294,55.61721145396018,3.770162485126711,Low
453.747091078997,34.55426150440683,94.43170184234978,9.224095994859333,High
455.18812572349873,28.64707642382392,80.24393871435004,9.575335153022554,High
334.8956557729706,35.52288794418693,73.62643785882639,3.9406828782703673,Medium
202.5634059719153,21.14355084531282,46.65936815280887,4.1898245391374935,Medium
207.1443085756974,41.78842015380941,66.82333262838553,5.550707380797629,Medium
376.68005549160773,44.33722422943492,67.62149627211558,9.470087312803061,High
453.6996169786597,44.22194638214229,91.87381657136021,8.886874898280805,High
449.18889091930276,38.741295793573116,72.79889321126731,1.9231116632523082,Medium
400.9439956359307,23.2521560032658,62.824032938224576,4.534576689442746,Medium
338.9142407694295,38.95657989822556,98.60801971063955,5.9803407077479465,Medium
87.86298424777198,20.614672911470038,46.643235599578944,5.52819225296386,Low
122.73292134257619,20.553088788224933,65.35290569871668,2.7447676114320343,Low
454.34938483718565,28.09025547873853,42.52148051028432,8.729350940513392,High
322.89307684681546,32.21607976011664,84.39424724601582,7.092467046971536,Medium
54.13867322748334,39.26018544519483,95.08459313194903,8.541175373666231,Low
95.66219428971445,37.08238441516263,56.80223977302937,8.72887851414525,Low
348.5757960986251,31.14756765941871,91.50050060794726,7.735202682991658,Medium
52.277712730798406,26.840666657041645,57.53309382771387,4.9528954112474555,Low
122.3636231378744,44.92811250394278,94.64620969863492,6.494920795138821,Low
296.93020521496373,30.654532555899323,85.23771421580705,2.4432886550776884,Medium
361.35283896171194,31.284675608241887,88.29440661048632,7.062808757274169,High
343.3825667761702,24.090595529791727,41.08039333602727,2.6132793016535265,Medium
150.9211892572519,39.87023871874823,97.76862142444156,7.245546314591412,Low
370.4806496063911,37.34205564453721,83.6002595242194,3.066383446785718,Medium
156.76208937356003,25.51924031971901,58.285065723168,2.0579617013519798,Low
196.4298641716705,22.059526140396066,89.76367989153081,2.487560411286617,Low
385.9211323031109,37.012482551867826,56.891271904895795,1.0179292169716323,Medium
342.3348045712466,36.362780357028385,92.36523037396768,7.468656560681772,Medium
432.1505347223801,26.831488174955233,46.75482342471622,7.591609441525412,High
345.9258015351545,43.771589056260254,82.22115864764774,5.634400149219335,Medium
305.7388715009622,23.776447294522505,72.44190859869462,2.4522652094984534,Medium
92.15364552264161,30.80837002606505,45.792068211726445,1.7519890375962077,Low
215.4721113767451,43.59039800418997,54.51362969553034,1.172160697935583,Medium
169.34106545677645,30.493182923153057,40.744242176638885,2.4917335926869866,Low
159.79533952058762,35.96314869160214,68.12607792787034,9.01769981484832,Low
487.85474963860054,29.939859949069856,58.07591564560002,3.173831575315136,Medium
226.89397610004218,26.85538005871675,75.90144905786553,4.188441944954941,Medium
451.420949829701,44.599441198995706,57.83426846251703,1.9481093603319986,Medium
334.0123816987683,30.233350157876075,57.99514669041908,3.0012517427335323,Medium
407.66508659374176,42.352480091978364,84.5915919238962,5.673021137021846,Medium
276.18669189733646,25.748865147277154,42.88857015870121,6.469774147860873,Medium
309.6067480818616,25.327617600627082,94.17369971151923,3.2081708274958993,Medium
271.63296221848873,20.778352072112785,91.13583246347089,1.5195894330260549,Medium
137.85934450912004,36.29167063439712,80.06828099358438,4.519295822146588,Low
375.1034518676774,29.21315859309403,75.59329420644306,3.107830338337007,Medium
176.3475630983851,41.608956245990925,93.53814988837914,2.9759853090682173,Low
60.942184894154224,31.83024766728893,51.11981077172287,9.638765224421098,Low
340.46253315822554,44.20483569786804,44.73814973144972,6.546704373331517,Medium
129.699805733172,24.63813789257803,54.370610194572286,6.011905988548863,Low
473.20636295881144,41.71557919889027,87.67469672201142,4.741975931709897,Medium
479.2678596511643,39.41492131979354,42.080216003589,4.8604990008712985,Medium
461.68897559920185,39.2730461161013,74.96841010500938,5.868145034542727,Medium
216.57141511494999,41.11958070292219,99.7262509714786,7.267868263324965,Medium
56.95547743799034,39.02559977357497,91.34176563025237,7.319314865636465,Low
467.74335316447645,35.655508040785385,71.28674134261537,2.5452451693490463,Medium
242.68286674279145,23.28112194205969,43.81845455719854,5.501014768689643,Medium
484.9946685696513,20.8131544872813,89.88241086314258,4.7076228553069175,Medium
483.6289896901638,43.02119619539217,75.93871049063263,8.834742696424458,High
433.854254960312,35.41625786301845,46.89597982357401,6.682770290965387,Medium
182.50200143131357,39.91343227440441,45.63143708940137,5.792536597743836,Low
223.29397787086637,32.03805878781375,94.57760916619554,2.0385517796102564,Medium
433.0115021825856,22.93270472405986,80.15201577628471,6.450741003910703,Medium
192.61490232032494,23.129644805063762,89.75720795900534,2.054835151122101,Low
126.27173600874161,37.13913218072429,92.73873401693604,4.034859180091768,Low
300.56056810625756,30.757647372486566,74.30634112289934,2.2855776833289867,Medium
471.2696483723514,25.013118167508416,71.04678110530247,7.22866282321932,High
363.21340850373787,32.28986366853592,65.8256446192594,2.8562690245253735,Medium
306.52752654021424,21.605223426878354,59.01679526746716,4.526734358692234,Medium
93.72942219684583,34.54928504785997,66.07575765152271,9.061072998569008,Low
326.75325201462636,26.724835110877443,86.43277934380939,2.8388474505907326,Medium
495.5242325469185,39.93897751592971,76.11540586090788,5.570245575629012,Medium
113.03780685643582,27.759048973089342,93.55139739729077,4.7734449504941985,Low
283.24834356368154,31.38050372704503,66.60280086275127,1.1631163694115676,Medium
444.81788236757995,20.290513497702516,76.42537472312524,8.134823022155315,High
383.345877989392,21.81117219486397,77.87845318551932,1.6214131568313976,Medium
363.6570834478706,29.81233891016712,75.50182973837954,5.268295188792583,Medium
366.11783779419915,31.998470867928088,82.15802638513098,6.0461046544505495,Medium
211.77101804888983,35.000513702982595,54.246008102488375,6.655838109531284,Medium
182.116329919022,27.29156446773258,70.74182665274743,7.197684663770881,Low
414.2125199653311,37.37454715316356,46.25348816850086,3.2794514517044355,Medium
414.55102760563136,41.503059929730114,63.07067965868875,1.0898089899260444,Medium
440.18254336104667,39.496274722333744,69.26002411727586,7.510992961194208,High
460.9582486504121,20.990470633708927,79.13345557272835,5.820909394128208,Medium
280.10407948742204,32.012673681445726,97.0318631551722,8.52505932886524,Medium
275.68233260923984,22.623254460454373,76.03906399290136,8.392495266106248,Medium
409.23283053504883,26.051125396563187,84.61563497059359,8.58993551009095,High
342.4837688499943,44.66656483167866,70.37596356971217,5.365851939815862,Medium
365.8850947659665,23.56238857253783,78.04624188257988,4.002655562531791,Medium
408.10670124624545,32.4722038362839,44.25593296802641,8.124023823322329,High
450.50240381790485,35.45389335795298,55.26349485051082,5.061647017263295,Medium
202.09782058319112,37.561624263602596,61.711185592308325,2.6509797676309104,Medium
219.01232868797482,33.991217087172856,68.34960130039082,8.69476617605327,Medium
92.29187292839106,20.24427118547959,42.738924730143026,8.943038890951126,Low
310.2260634482783,28.1615327060998,48.401445853199064,5.196787805261531,Medium
66.17402320853394,32.94279108461779,56.60885846747834,1.6812975457880872,Low
259.5191081596071,22.196662478620834,98.29196145406304,4.490434809252381,Medium
294.1900856184095,28.76567328022952,59.88082042618305,8.231838935163431,Medium
178.94356345772798,20.830077719784164,68.92246348672495,9.115966256916058,Low
315.87496725605484,21.964462428875517,51.76586276430358,2.8312546824783626,Medium
63.72511247257224,29.9230819050399,76.64680426454609,1.6027625082274437,Low
66.80668493714649,23.31789385107651,56.84099293095846,8.896154078195547,Low
420.17025229684623,34.18852120653895,52.419554706305604,4.504644450809877,Medium
212.0857886350683,37.236624228431644,70.99435770675875,5.87584867840807,Medium
107.17723069334815,40.01466747772707,40.33034794962525,9.71259230845683,Low
285.00946702466194,25.003756106120253,40.45984195895352,1.5990825512280056,Medium
396.49709889437486,24.187064556476745,53.14412854611147,6.83486206706886,Medium
147.11946237357944,22.614196008360008,42.20328175004927,1.6669488031738036,Low
330.3007141185501,35.91075623859092,46.48154524784148,4.379220356198504,Medium
88.4063592471956,37.66189316217253,60.331638960325094,8.234330906741022,Low
73.25677452587347,20.78965362064105,88.15514077478878,4.90125009480071,Low
289.1095842056666,43.405306156092244,74.32291860215804,9.974641185126554,Medium
293.2858047245479,21.29928209128681,70.76006355738498,6.031533564519419,Medium
336.84345567419297,33.53240838252676,57.6093293924873,3.8904593737235813,Medium
376.7411001751977,37.72651298627291,95.90522316596898,2.981001933142778,Medium
489.1334357581406,41.77422809365214,63.8209024742315,4.154684808575457,Medium
282.3351567355379,37.85217330331069,45.22556600774629,4.352799463835957,Medium
195.3304128235607,40.04320207674479,77.02399096706807,1.6184230995156488,Low
407.83378764591663,28.486254813570152,46.83030360859608,4.326167794840958,Medium
171.87451306793338,40.3706278436628,60.71338856810152,5.178146677653024,Low
247.53713931753626,22.00287115961688,70.44471632306853,7.504639770149242,Medium
85.30537160401968,42.37041640151319,92.45335148111054,6.910565362494472,Low
61.40783453695588,33.689809403843405,69.61279482040712,7.378890897062388,Low
483.1917866050663,40.43244424906234,82.13552596189986,1.0752731368917139,Medium
426.1910542304926,31.307957112957503,99.56901033994421,2.9590065962248246,Medium
363.18839274216407,36.08944237991312,47.8893471938789,6.955158595598708,Medium
234.02882498642145,33.16006652340283,56.48389153117117,5.3559043136177245,Medium
127.9824440318806,38.2897380438833,63.674564535858785,1.0478212810151135,Low
120.39666920198871,22.04074955076474,65.30969071232988,8.240451781886401,Low
162.60930417406792,21.508802099764097,64.66126451593274,7.955286159613037,Low
297.1519991177542,26.177580850253662,94.4566601533933,5.935772466942064,Medium
371.56816521502805,23.98861700282971,82.84195866801139,1.598169931986449,Medium
347.08881952297907,41.794589164805046,76.47431284544223,7.8986354457932615,Medium
175.97025362567427,25.480349683951108,58.562363071766924,6.253422289582275,Low
479.68937629843737,44.39663139547828,89.42742305327768,8.037639794421633,High
382.05361251309586,28.422394794277672,97.30363068909934,7.765722931562564,High
299.4593236301303,24.55294789221748,89.2718969530136,8.227018647620534,Medium
325.2743358054585,39.74246267856198,40.093906311488375,5.6620725976416235,Medium
238.82002809250545,36.4676943875219,78.18408221100442,2.262920663741635,Medium
161.47894527552086,32.45489291132847,43.06812288652604,7.040417260417198,Low
210.18770539306772,33.88408877344078,55.456433220023314,6.584264065467735,Medium
391.0307497089661,37.980044456806596,43.5714820208663,7.6802786847917845,High
56.47706988339014,25.711368533282467,76.22772717696327,2.5289290544566176,Low
102.23268822811231,44.90834790141855,81.1953948095564,2.754776799102603,Low
70.70118890978874,44.36982905366958,46.86925828395431,9.013685654973957,Low
68.32796104353656,36.25814215867342,63.030332982698766,7.749800186068637,Low
434.95726280495325,24.988561273228626,67.37419053733252,9.174056398302906,High
366.64603672101066,37.00570606078229,62.14318130565499,7.8284378904752865,High
263.37822308929634,21.804960224479395,47.26150002911158,6.374397753912717,Medium
94.02537229295066,20.766312555145152,65.13686741124852,6.887194633250863,Low
271.2271438025746,26.442072212780342,85.07068286850509,9.00215131546009,Medium
263.0622968512546,31.565573918482908,44.26045987199533,6.209260790607464,Medium
127.94084145950683,41.706812635209516,44.810800844914205,6.691521918955487,Low
245.23324215708786,38.1792267441577,61.28627751015905,2.408290444032405,Medium
229.32713047881805,38.56766302999952,96.5035426971355,5.265290981044925,Medium
327.1325441234974,30.637333361201883,80.11435880337484,7.44757400762289,Medium
335.7921428904397,28.648374813674074,80.7201974003539,3.4384842848472887,Medium
70.38680439742004,29.27596907461507,61.715199450271896,2.820287624720814,Low
218.57567658191203,44.69123909340145,75.6196474725123,3.82444127401974,Medium
331.63696207140634,21.002729785312063,40.6078710416646,3.173505651935501,Medium
276.41131636103944,41.675787403061214,78.16576278457254,2.934213733327563,Medium
435.42042853474504,34.46688521430983,94.7972168545742,4.823657585812782,Medium
346.41213422852525,30.965385479739762,76.75440810068915,9.170546624951808,Medium
123.32049218664336,38.13144151037841,92.42191560798071,5.563536820648465,Low
81.75593633019344,32.16672353561757,83.43838332796562,2.691283427337907,Low
339.088675192842,41.83558095204151,47.23350498422141,1.6927450244278668,Medium
61.930089743729816,42.51754660028146,94.14719843715051,7.265405306241327,Low
313.5990115730585,30.543023171836385,43.986630661346496,4.445188879927491,Medium
473.1036086412309,26.920694930876287,72.03804835286583,8.396478519268234,High
308.96338004414554,34.80875821483406,48.52822742760746,6.935596917766931,Medium
224.67646679293486,42.80908364041727,40.70239664385424,8.166173054872317,Medium
339.47969829905895,25.266554725141663,65.32205560765834,3.4475143547660387,Medium
256.21380072118245,35.57416458908707,57.702442459249376,7.231230302149523,Medium
295.5275551921707,35.78900550231302,69.16002962785618,3.376557862243469,Medium
473.65916394943633,38.327825560382024,74.63199320407304,9.451616315052624,High
223.74618701034842,23.289192128181494,42.624344338536844,6.7273685338003695,Medium
482.5357537207614,37.895624117052215,47.38019770742474,3.920606201578079,Medium
457.4077888802287,42.72581301664103,73.51854378702552,3.425606760630454,Medium
138.1060106551834,24.492077721756047,60.59004119035949,2.718339265644792,Low
81.21258539382445,25.93858312309694,83.75040925296688,7.25176863004355,Low
95.350100619842,44.28487735104099,79.13749891551637,2.968440516981346,Low
58.19982154319737,24.524423817737244,90.73626177939441,6.357729393347402,Low
92.49933234016777,41.35962733423948,81.54956960015352,3.381715242328216,Low
357.35304803736057,32.30694641120087,65.79586464340889,6.9577205031448175,Medium
82.03489180710304,26.180776860079426,80.37799734366595,8.334457556864852,Low
193.5390336321926,41.768747531812785,56.52287045532511,8.002227188301879,Low
430.19388993625455,31.132631375066637,58.37880992669276,7.847661978377036,High
60.472371081121636,32.87043384824226,87.3391095952476,2.6895016512302687,Low
416.5108171650211,28.98083423499414,66.78517098409493,1.7954645228606685,Medium
176.83464864802997,34.823771285873185,87.90282043110115,7.290539456386471,Low
103.17417242974531,24.08809681462557,89.3453424200967,4.315124924149162,Low
363.5317244138678,29.77703841629402,91.45374025967703,4.891116037630126,Medium
333.0242810509478,44.23530805838219,94.99811415047245,1.2803418351405196,Medium
444.86240608717384,26.45333581752819,65.85911323079777,3.3361880434754427,Medium
380.7819697117486,36.4184166135323,59.13200909926833,1.303087634870176,Medium
411.5664186731819,28.129751605617372,74.93192479564684,8.912671953411229,High
176.9155576570879,39.33682814216502,62.270345406257654,3.190570148966774,Low
129.84779470087528,23.271841517958745,76.06445000801398,6.016034526157073,Low
387.7766382383862,44.24552612696362,82.33515175862948,1.3508138859501737,Medium
413.0756326702688,31.34473853459098,81.30430110952821,7.001626521750922,High
495.727313900303,25.9012615836616,62.47317322120728,3.907246111786845,Medium
235.6779546101419,21.837418683250316,50.01161210192517,9.081272682618993,Medium
217.40813860675243,24.24394762718852,65.83176030773245,8.993063700406323,Medium
399.3858323338986,32.99434871390044,48.55564864491453,3.92761556525573,Medium
203.36159311385802,28.425079410782157,93.4058221110285,9.108648061214211,Medium
468.84079652160415,40.72208414706523,60.75264764427145,9.96541906148901,High
436.2857383293553,30.772188091545146,49.267584833399425,8.428740977115533,High
243.04731231875826,26.217856814690748,41.526865594345054,8.60384212979706,Medium
387.8919805061738,35.42862466510075,78.74934317718905,3.2410786249818093,Medium
389.5442933381071,37.669430422136145,78.21413904728459,6.190321589719807,Medium
96.40574097616968,24.176047697523746,60.4362499948775,1.6053032257063107,Low
456.148808005805,24.190480407207943,44.30271333085906,1.8542614313950274,Medium
277.3635676015357,20.916785673338573,64.57773369371392,9.990033508299616,Medium
421.90585974848375,38.41005037664101,58.67304970380361,3.9397532448331987,Medium
194.0223204637753,36.59511319054513,80.62723838410056,7.733655208439617,Low
452.9854528232902,31.865771893745347,76.34675496716142,8.259985477241347,High
225.1407554303734,41.10426122422993,61.8756236918524,8.722209439065063,Medium
54.87694316613426,40.14175382375133,53.0735532552994,9.978654676619408,Low
457.42188938866866,34.6338591099188,99.28215796933551,3.1734683673118105,Medium
91.0790045537601,41.70678201283147,67.2400972717669,1.3631574417372974,Low
193.69113691568668,25.146030250919207,81.29645414681423,4.700723661951274,Low
477.5278851728622,22.7979904849432,48.43317805470164,2.1707260284605225,Medium
477.77321612190025,26.74374028792474,69.13538197956387,1.2018330024584962,Medium
308.04704965547876,21.427171402232872,41.65220319216793,4.243841444273375,Medium
334.32674547640966,33.2792382000258,70.327307074627,8.053644259677128,Medium
251.8004848902439,43.41514230737404,97.84104442706214,6.095626221025638,Medium
181.94484726412904,20.983588516712743,63.05240277914801,3.8150019028931865,Low
197.89904541646217,23.052747850250668,42.3397607544947,6.889078049434477,Low
352.63330523466726,31.30497570708588,41.857347455160614,3.0881636227792963,Medium
388.568538246956,43.34687543819762,63.27920559681217,1.1294330146487652,Medium
406.21056967663185,27.903902624418762,49.60149618779164,7.8791804779278465,High
405.32816425754925,32.680870217209815,41.40112577969116,6.613687763776082,Medium
91.04274637191067,21.0393214762598,85.37281683701062,7.86072362050864,Low
272.48913711616166,23.70858002405222,67.51138053291345,1.3504421501889905,Medium
75.90144200748992,44.665753073971175,57.35468631835927,8.53407665047587,Low
297.287997045681,44.127967410901135,94.00499098098885,6.57573580032673,Medium
248.68872561801965,20.12349952336024,46.96833761203153,6.070558156413761,Medium
449.4668822412349,43.79529463558097,97.35512973731915,6.621526433030784,Medium
207.91175564843542,35.97799844538751,58.83800304264117,8.779899221815278,Medium
102.68015739242264,41.697957363000555,93.30422033852088,6.282428559030164,Low
114.34625692377614,31.368496390846477,76.1765725887677,6.228553418993614,Low
392.6797842728625,32.88990071448126,89.60244158448924,9.916112413591893,High
328.1981284923175,32.22116450642301,99.04078979262786,7.810571503617112,Medium
95.50520425525562,36.67160643865261,57.30432626912474,4.980644249060218,Low
87.84806275174884,23.49128136890782,97.66812912445558,7.366573000296349,Low
365.436109156604,20.74933974681695,63.36891369414522,4.503074245226096,Medium
82.74335286388708,27.698248539779772,63.130714284215344,3.059879162351491,Low
419.8370266806603,37.61701906841617,60.42322625527034,6.371666891989835,Medium
367.8090022204233,25.04633630307371,72.48445644085511,9.353638883025564,High
86.6069512888549,36.835810833122935,49.24870259070923,9.362255680139164,Low
88.17697133833636,44.24780115268176,73.22268912148067,4.077147502949413,Low
493.9878103255289,22.34751789473546,72.50228874460024,5.749097195995255,Medium
218.42185809025415,36.81505295562816,85.7141087562922,2.904723087128751,Medium
216.7889661801009,31.093755482614277,90.01899771625514,9.960679985489952,Medium
415.75980526587614,41.703556359437634,66.42648101874545,9.830061170811422,High
476.2618598227364,24.428744736184647,58.13999496108963,6.845580367367026,Medium
493.7004787202919,37.315648805654114,55.56009383902567,8.23972653709726,High
389.0201833665237,40.95288224120276,51.677430202292314,7.4359014515533,High
219.3168134889121,43.61535548685058,43.458854931941495,6.338423971355214,Medium
87.57532251440094,37.081200707241145,60.546878730082796,1.4801319729000793,Low
399.7161121673466,32.42936910021068,56.21486152784699,5.092879082973949,Medium
301.2819123811123,35.44618100503035,97.98504315198444,7.073076719506695,Medium
240.89990416113932,41.72262461196796,73.46252957500263,7.097784524953162,Medium
457.8594732926312,34.26524366597074,60.83662234183045,4.358103565801452,Medium
100.03886703776811,20.759676492420923,74.82805605962176,9.475227879922276,Low
271.6812969308866,43.273717387674445,48.351802080741734,2.5062132901310292,Medium
55.10914014533858,37.23816877578903,66.64262495213217,5.503235015940046,Low
260.8972888973568,36.912834644431165,77.57405928526383,7.217955788957405,Medium
75.3364740568268,25.39187880994293,69.33386990754708,7.2742222530262834,Low
103.46806232063236,36.47213675581643,64.10672803925945,6.83775061091934,Low
102.8868110496972,29.846610141353963,99.63090333398189,3.4775939210667417,Low
342.1446359522286,36.2808244260373,92.81888572893561,2.4058591181795976,Medium
385.7201956694405,22.664825757699766,77.40435748956641,6.723462941440398,Medium
312.5159442937218,36.446132615075896,74.16264167093696,6.393719045254939,Medium
482.97764681354386,44.985343144266665,77.23962878947503,2.6142040926031687,Medium
218.69176078566682,21.2053009715139,52.078726469345995,7.34625231013507,Medium
178.57043882683732,44.429354605532936,63.70826459585912,5.096547925602907,Low
440.8696076852571,30.172699018071768,42.36757197345396,7.009845324428376,High
150.6181273337537,41.76883625843148,68.5327622492096,8.536303717931357,Low
483.4501427482751,39.559637101456836,72.5814750374598,2.5275558571923087,Medium
55.46951361041735,34.1754065246667,53.664984166192575,1.17230381197153,Low
486.44547201843756,38.46123023128317,97.84173082993082,8.011923277562081,High
69.42196037775925,41.962889032533695,94.56727665623453,6.487276826373543,Low
451.014401164132,30.103508041275823,83.32859412735435,7.296756126599095,High
287.4654990888349,28.175829039080966,72.00319772592175,8.543394774897783,Medium
496.83415825368513,36.68983463908962,92.19814957886109,8.225298413420504,High
83.20845413092948,40.19614854853147,47.83914062940777,9.648281322359422,Low
299.2344279805943,39.057128369415395,87.4305876564931,5.823415709669064,Medium
486.18614102859453,39.94534122146587,47.489248838010894,5.396460693939148,Medium
285.39402987656695,30.889582870323324,87.65263975296432,4.616984799016571,Medium
333.22938716086816,40.445855404375536,56.546054095081416,2.3832193855978407,Medium
363.08691004307775,23.00522638426521,92.62543486109134,6.153465095938202,Medium
254.54347914549794,33.61222744902124,96.64252562952387,3.493112718933809,Medium
332.40113603782856,20.14396651245304,48.92775816430694,9.291767609916779,Medium
312.9414403653951,28.114645747506756,67.76053630392362,6.248717238493878,Medium
455.52110472094506,29.161538371784946,98.8592426897611,6.335561624572992,Medium
70.45087115365604,29.904317290231383,69.00444615838879,4.194321947893091,Low
176.43343531650365,37.38668016724655,91.8128513508727,1.4679041677993674,Low
477.6851678344514,29.713952531758643,75.32389132787918,1.2856938883568976,Medium
450.61870275091235,31.217340565563266,62.51979447517611,4.810016297378778,Medium
255.0455387535708,25.938603271858184,57.147013331552216,1.7610884028751408,Medium
329.05966901069155,29.3312947907335,52.193385465165235,6.461622599861252,Medium
174.8215323415097,25.681740681578788,85.70789148266184,8.928757050756918,Low
134.65452187569258,21.829898094211092,63.19243040938167,8.9462333486685,Low
258.664282222992,35.086214834534445,70.67652773204507,6.931408691190091,Medium
209.00850261172377,36.70531996387541,69.53952880007091,2.901086483256379,Medium
312.64525033289243,35.48725865024036,74.63674175398788,8.766971482229849,Medium
84.98058663424317,31.58735109501431,91.93462873747313,8.974840917818874,Low
488.4776634497749,29.494644504480746,98.84436061500577,2.769882264576628,Medium
493.7948350158213,41.583341239295635,64.45505251442901,7.636834771936095,High
364.17277130888533,32.97704462840545,89.65113532637818,3.5786759403441066,Medium
291.2433648548542,31.979546940743276,85.87166767928306,8.223762811176368,Medium
189.28742732884749,20.641051645160893,74.41173708733439,9.975141099132424,Low
416.2077588681269,28.53119569065391,97.36282861671599,1.2702340479645353,Medium
358.1290276492457,29.504890469646426,52.02847093170416,9.076292792118387,High
123.17762270520109,29.97056952242251,46.55585261857728,6.603674802387922,Low
459.9172330222291,34.504309230683305,91.23771801732534,9.760443572483391,High
420.14175931542604,33.340063668171965,66.3489889980249,5.185085657737848,Medium
477.4099609813658,35.197627319836116,90.81813125242363,8.626491375142365,High
376.573778774762,39.1220815385532,93.5854123117249,1.561546617384495,Medium
326.03683817110544,40.324643467902334,43.74745561714428,4.017511450704662,Medium
238.2093663307785,37.95307690566236,93.00788577916364,1.6031488397608897,Medium
469.72781750930596,43.88809239887337,66.89914332216533,9.778088201311634,High
439.72875027518376,20.45581456690904,70.62594934025392,8.352765165446531,High
70.34840154778523,24.894449642088652,77.59555066559261,8.672926791213735,Low
61.865138523763406,20.189071874453553,95.58295640380521,9.441687082905048,Low
219.4085150951223,36.186867853865074,41.14696566578584,1.7659313750780683,Medium
414.7489988518248,42.450763723749674,68.61060809906903,4.47037833262,Medium
494.274258191725,26.087057414407482,81.26332254583363,1.639314001396019,Medium
117.68760099658768,43.175863619907666,83.3624174618937,2.8971379139502575,Low
317.3588219084608,21.50668475723902,81.55194589222648,3.0642919933390513,Medium
221.40088548395968,43.36090067013786,48.06610776448731,5.221964899428208,Medium
486.46147901657145,28.790567180990863,57.963735302300876,3.4170595070827834,Medium
428.9535154110689,22.53552071123041,61.52293152502081,1.9088029613598498,Medium
427.247917120012,32.14679397965814,88.2662324607703,2.5074198018469693,Medium
260.91192190773666,26.4194141930127,56.72559234487318,2.3254800719688182,Medium
236.66877605194932,27.12182254904807,52.64229783203219,9.757691181210685,Medium
173.0331823688178,27.682249123157163,97.44688114228578,7.833632562266263,Low
75.3689734929172,40.075647445816585,40.531797106808135,9.709853187426058,Low
439.12506931477395,33.47903191688136,99.8692513409187,4.957664378571177,Medium
415.8054541085349,27.782692478900092,80.60927793144373,3.5053163349639096,Medium
499.87295297875875,35.25834458277296,89.70815796694703,8.18463877488268,High
498.4865766832574,37.90376685557984,57.67716378077159,3.936285262370321,Medium
299.9442675211824,26.815600018338344,40.858916660023596,3.6944503633481345,Medium
396.0443368312297,30.33872753813379,84.2721711136918,3.0925539298704807,Medium
475.1445784470926,23.04715233342369,90.04867582004054,2.167110804018118,Medium
432.34132580483515,24.52873373836701,84.42856791721115,3.3081675491508937,Medium
161.30664578443896,37.02794634912457,48.57101723805032,4.1978777362649895,Low
252.74486088954208,24.535958692390672,85.20567533541814,7.065947873311574,Medium
108.12173681817274,33.1290845916765,86.13536692645846,1.5630835799750642,Low
479.32296226642507,37.72615654306082,79.5124309402033,2.8945624569880866,Medium
322.778585502896,22.671923077368596,85.96695596773517,8.281212762625088,Medium
152.88926247655823,34.182805490722586,90.75528638066393,2.3222973122539368,Low
352.26530798263553,26.414069592534094,76.81624685424751,4.083806318702694,Medium
328.15770820605314,44.0731718809395,45.31628283818074,8.78193029672326,Medium
211.17322311477824,32.08864116799812,69.25766858003266,2.394327800290984,Medium
101.10091648983305,40.14981374437895,44.6589600802963,1.744631520563709,Low
352.20793801675984,33.755663553906544,64.45258186194584,5.3608419557200975,Medium
284.138465406707,21.085313321370478,64.42638934753765,3.7217756015068275,Medium
397.5432762810377,35.828784389850554,43.960590648414495,6.070675280354687,Medium
284.07357550039706,43.78508355516642,60.92923203816876,8.234244014351276,Medium
433.48167514334307,35.04029550365828,46.65988592747889,2.2343363933746883,Medium
298.3580774485185,40.47972148566976,88.49411260055334,6.226291760988564,Medium
302.42208719092383,42.1051615837102,96.86128155786824,5.549578843508775,Medium
444.49412119625526,25.701994298723314,44.338988515476316,2.2967090741187963,Medium
231.56728979557866,25.301120997705667,97.30691243750209,6.615986369760842,Medium
110.30685280278833,35.274524721274794,71.3545959602047,3.462763760746945,Low
62.95220434100254,30.27571174516762,57.973940677232434,5.390508866896113,Low
389.81176505312857,40.99653257166801,44.61172451656981,1.7404509184935568,Medium
329.1392981090591,42.50057808495028,70.03745608422507,5.136256514922607,Medium
366.83589564465063,28.83553448256795,87.67093266944492,3.758171212385383,Medium
145.83387267900983,25.92176397436205,82.42518863600189,8.401430900668188,Low
111.3671640140464,39.51313788109655,43.01356068783843,1.5128085429763145,Low
56.545099550546865,26.870150888703403,44.374110122074214,4.76746547426497,Low
207.76440146296864,40.56535796284196,64.17239695795823,5.1258828171829425,Medium
315.4629590845849,30.59345634121907,57.717429642876596,7.5250546866920685,Medium
226.50982029487955,36.68874748228676,53.94305938336287,6.168588175811899,Medium
246.86371491067808,22.388382845866705,56.86026993452282,7.0049110347476296,Medium
456.8714125221868,35.59648311691433,88.20896459781308,7.993443570865805,High
206.71496016048516,31.294191968430727,95.75368321791123,8.759826762923698,Medium
281.2952701219149,34.66521157938685,64.30616167165398,3.8248794705022346,Medium
402.6438557335144,24.200355193621586,94.36666012794981,5.842204348275127,Medium
228.44425204457158,38.42184362360455,59.28974207487292,8.5609727059528,Medium
329.93901510254307,41.569926938580714,68.5862191806275,9.905060178685508,Medium
438.06366893603536,25.418495002269392,53.56173986895998,9.005673799393868,High
477.28428064593896,22.392863888004044,78.42856253055064,4.343205363619392,Medium
116.18306641806707,20.59096465115841,98.73886691048853,2.756498654967854,Low
466.96443132267245,36.04928751108165,76.20958576260273,5.404532836659299,Medium
271.4523318857922,35.177350902219516,61.46884504681293,7.67477306652438,Medium
166.20997473453127,33.667435317851755,78.86904675943171,5.433121636779679,Low
256.6110903072176,25.798677402899386,47.375240707923254,5.3486277698230165,Medium
491.0146588784647,29.77264989763787,93.31954481592392,8.544073789736206,High
271.6781422967913,34.861908379654324,70.18503704679019,4.252634011604677,Medium
197.9382246293787,32.41917147147923,66.96098452237852,8.73815207330481,Low
335.0303844425266,44.694638005372184,75.15188730721115,4.661243208565512,Medium
158.0655284501869,23.410993813918328,77.48703176736414,3.9540979511050547,Low
84.13849764889876,37.37861385118984,44.30654837359078,5.085909200797291,Low
107.99587485979215,30.107969202607304,80.95703327340414,7.862022628073816,Low
107.6206275309976,30.70499037314037,54.515900818931776,2.1340182507759486,Low
118.35621208053246,37.939944141454404,82.83715795039538,2.7677729428481563,Low
112.47222769223455,37.31090378310924,89.3520876630518,9.563003430967827,Low
338.3936351614466,44.781399842554706,88.23751045315122,2.5794246464322166,Medium
131.84603797961518,23.20985723635313,73.15005804447335,6.109545861379491,Low
205.55027749573844,22.60274123460416,71.21019353864507,6.213830199957441,Medium
453.5547844577053,38.108470428218524,48.5725576803647,5.406620158452203,Medium
263.28273811829257,34.45967292516023,86.52076902418813,6.802707237191367,Medium
350.40098233446224,26.854016663995147,56.28456282680286,3.068440532178566,Medium
127.54394204073343,21.985484224724665,69.80172536907679,5.973960409990734,Low
136.53005846390187,22.141456239910763,57.056445575651004,4.349559297222074,Low
68.39087731991549,42.35477186660296,48.029701779981586,6.955005336662701,Low
126.02077838247405,24.796683117968573,77.77346181350418,2.271011890358345,Low
175.36565256438138,28.084289052888018,43.25992208937423,6.137896751555286,Low
129.65471792453607,25.6664100556747,84.918714047572,2.6674331984499133,Low
89.91614019067502,28.87490764579843,59.055207715666995,3.5077875680353277,Low
104.28614199527036,21.735596068652335,40.00808158026912,2.968388202912249,Low
257.3504456147266,32.97649477270676,70.6677483542338,2.645540018819354,Medium
142.85017328260665,21.690314089805373,42.811114511656186,8.431398564046003,Low
213.92143747163396,40.00891269555904,56.57017346925397,3.571368108948013,Medium
276.5377718846856,25.842802047760827,82.41858924734296,9.344114036780043,Medium
360.67767288321437,33.50029786511276,43.76137729731195,9.729338728106718,High
67.69046292849453,42.00197718903645,90.36030954136014,6.1413442294338765,Low
409.73467950906917,36.27193422617985,40.22919535951499,2.2870101039915376,Medium
332.5551752709085,33.32394466378338,54.809432152114134,4.370934190416231,Medium
86.79156437699235,28.10834382788439,84.45424336912428,8.179590370133926,Low
443.1103808480498,28.32504782645495,58.97620898375841,4.306516558273634,Medium
464.3925802393159,36.73717387995475,46.11354328396081,1.7831549647250986,Medium
77.48508193468868,44.85348403052919,61.61403512802568,6.011064198353692,Low
174.59494166624168,36.545979746234465,56.22359718307153,8.606087663464313,Low
412.7905759068776,33.94458543425063,90.56271412963329,8.163337484291521,High
386.71686067264625,38.26626275598115,58.80087505510859,2.576108261173179,Medium
133.0344587103698,31.630140307092955,87.33594830656043,7.0548815297122,Low
144.20719550151964,21.50355856501963,93.51232868864409,2.984538370920824,Low
216.7124462561219,34.05742039694775,66.02904517459177,2.96386781096955,Medium
268.0353433359596,43.9406321126345,94.59658863126353,8.866645959746666,Medium
328.2146471886332,24.38257355894149,62.63908323779157,3.2470205746620713,Medium
216.01113780639758,37.25012227051664,97.8447049894065,3.369226118662101,Medium
258.14062225991654,25.02334221647641,45.35737147153438,1.005880516851696,Medium
386.36192216019043,33.39569211182703,81.22115599019457,8.83602130712966,High
66.50744130076906,22.41691124116799,69.62884242741572,8.133353318882213,Low
163.59662495480933,31.25927340645463,63.25892832733882,6.645960415816102,Low
371.0073136480486,38.90408322238115,77.96271272491606,7.752391875449581,High
452.8430769592397,28.68928810597455,82.23142549805988,2.3684371068204264,Medium
280.25484895204977,36.622793112180446,40.261796179018546,5.124912351288179,Medium
289.45106836939203,39.88624901974323,50.01718532483192,4.160974486139028,Medium
98.22740510289923,43.17944548698632,82.78276303805913,1.8439887363131484,Low
251.3355650705546,25.866052046386336,79.98312481469239,5.375174366934317,Medium
289.67776990476045,29.982897895232703,97.96285030772063,9.286656853083718,Medium
159.11172663562834,23.810400333260436,85.66226741504698,1.3605320714562503,Low
171.15945392722142,44.81208755395938,97.04636246388029,3.623148221444145,Low
219.77787339708019,43.17502419810738,82.15243009208842,2.867868425851331,Medium
59.03203899997686,33.498928257013986,57.883132518366594,3.1433198829912667,Low
194.93562451243022,41.050832359410535,46.32189533505139,9.175910966914378,Low
145.15160314844508,33.02394943180106,86.90943180069613,5.212621488108611,Low
197.3738084800616,35.589642200068994,78.64895328855496,5.196694716458369,Low
103.89295931866305,22.228110802900417,42.89116074359777,7.8451807820975406,Low
450.7372763329527,38.8817605124202,61.6030279540587,2.390429836044332,Medium
317.1166040993219,23.19283709088087,97.40798892905717,5.385388186900457,Medium
355.59604361502033,40.65169075631321,70.02406874261207,4.869866927089538,Medium
405.12705737330225,39.55070219175965,65.96374816118228,6.372196214919905,Medium
274.2989895180758,37.71861744357441,67.46197630955764,9.996019329253947,Medium
89.11412963934066,20.904009513119053,52.53296344030982,7.925040046738424,Low
291.6979438183465,27.578208898633214,62.122430251887714,4.580791327156845,Medium
314.0785031093956,26.577814247771073,62.188795359230596,8.447977470466423,Medium
385.4477633829485,29.003410186787978,43.14130121124835,2.5363752698123214,Medium
244.24679580335572,22.191068669095962,86.0540577110751,1.274173176780641,Medium
107.4111362580037,43.42394557577657,64.99026591423274,2.8400353521784574,Low
177.699157609426,33.845056017809405,89.3307932089854,4.063704005028336,Low
213.3870333793858,27.638107766450588,91.02088006719373,5.595226817136039,Medium
340.6627585992205,29.924537926857084,52.71964328191949,6.536162264870798,Medium
306.85023710101035,31.18006351262089,79.44120893020772,9.195451454929795,Medium
210.2435266540308,35.01485833401543,68.3369082497789,5.588686085954119,Medium
493.93186195684086,32.89198569241245,92.8094042752891,5.511480801631564,Medium
322.5986687105992,42.98479933036043,52.94444075058725,1.452187088406839,Medium
156.7520562811975,32.424087072645754,80.66879201860266,1.3142039739060143,Low
95.80211267918168,44.80395037058282,76.46512733516334,5.960439657247349,Low
118.78661263294941,41.28562394362739,57.718088654309966,4.9436075192351,Low
160.68097777302864,25.212762858933395,48.196054219070355,8.552623554822688,Low
122.30661796680005,43.264880366097906,79.09838562863659,2.4461162624066066,Low
133.9551608230876,22.909159947136903,84.31584748793983,1.2247449590534463,Low
178.2928259122312,40.43624271227979,58.937640625800995,5.0413489113711325,Low
128.01811788263967,29.515582336914502,78.68995624133882,3.1373070107703174,Low
453.5444410818913,41.94935801112673,63.7078544566902,1.446529360049537,Medium
86.10518554773898,41.701417252686255,82.79241299695707,7.52138458162866,Low
286.0301253066146,40.14813500294053,51.95291649364319,2.0043369996152274,Medium
234.6785721453477,39.750760907676536,93.41290015817046,6.474875500069945,Medium
492.0703776088729,27.61697847745102,57.244575787934785,3.529447751502002,Medium
100.41750597562356,22.022982076281306,62.06715926536917,2.561464453195198,Low
229.03501957058373,30.07450446912904,43.48551712482099,4.417763706273857,Medium
486.261694973916,24.338112874662716,46.690732739276584,8.213011986006583,High
439.47820665229114,37.37377722256154,70.95171416273969,4.528842192141154,Medium
417.68243192717597,28.65249316344464,56.05556060367829,7.756926842899501,High
166.05627217022294,44.39025502149787,90.12881354453165,2.129376671192356,Low
126.89941432552962,36.024301933633296,40.88160331929723,7.954942776985712,Low
350.88944896599395,40.56201409085902,62.74564292031617,3.132399924159838,Medium
468.2191951074136,23.31311681854621,60.24073280614556,7.096538168999855,High
300.5433018562684,41.550362056815565,41.15965785505606,6.092033993568967,Medium
307.22571026145494,43.068929762834856,47.462103940030616,9.362302454905187,Medium
175.99059214712787,32.17654797047339,64.81856049511812,4.485902661777827,Low
396.2718199363716,35.15632344377444,69.5718750668468,1.595486699509964,Medium
134.1696868508855,39.120245022574885,64.25738483529214,1.1723993699612762,Low
195.65565638190967,24.370965681510313,71.85626070472563,8.441727048754778,Low
241.44639737738754,32.56415191158606,75.70790049434089,5.722620738952889,Medium
278.4246704080048,29.966575694307828,40.59542926767014,7.977196466514544,Medium
159.0843795867861,23.659349804056227,67.84570956721024,3.109830400103632,Low
101.67657113264158,29.188360557288284,97.8099544532553,4.105753709619103,Low
324.7790190987347,21.70430773463734,71.14193680777292,1.2709348499018704,Medium
179.8837489581151,20.645297673737176,80.65253604753718,9.65343092116701,Low
311.5571996401755,23.379157228870568,58.71183147501299,7.010811160307321,Medium
119.46322187339103,44.07787778972934,86.43948268916574,9.398845789833755,Low
266.5130458346679,33.738238397375426,86.3752889125669,3.389467666861651,Medium
289.6652446482136,44.1455540288305,71.27776285924834,6.503172501030948,Medium
73.3205915700921,30.8124469582533,98.56082939675281,7.10649971463374,Low
201.47192518726425,27.79540332713149,47.533012885759206,3.857947302318296,Medium
110.48660462253841,32.6535465710061,41.01685989337486,8.632983115140672,Low
78.5187367127455,30.98779221582275,86.20949270542576,9.52445316610223,Low
495.4821045754754,22.6416171065436,88.42933224189295,8.963696059264038,High
195.05923023862533,36.02065786725515,47.21243374723458,7.6516027834543525,Low
414.4435006345857,25.40095456273999,55.93496997751636,3.497182117524586,Medium
164.58829464369373,35.48969887244574,41.05314180199773,3.5345443789506854,Low
356.67622500076817,36.25502730995383,57.598516646833886,9.67024288401434,High
392.10253695035897,23.800621328216202,86.38851243512029,1.0925604634212283,Medium
318.0374332735299,21.533740677766705,71.07763166275474,7.4444497591793,Medium
262.20928484757127,39.519039651711,60.88573559009728,7.356215462997359,Medium
235.32841136627084,31.495010594233005,62.30435769437982,6.604205868548177,Medium
206.9907199443479,21.454094887636895,40.08121754292809,9.910979614781793,Medium
468.28811491152163,44.87165792924418,57.98803165391415,3.806914921873527,Medium
423.7787335044781,21.444514024909164,78.78752449827583,4.059746774139233,Medium
484.26210979993067,37.37588072146383,98.45166662898143,1.710454626519,Medium
105.93375056849513,44.59197313158534,90.82364961903397,4.9851832288936375,Low
378.8903638416399,25.97950260539814,41.41569787873175,3.349436736113633,Medium
472.253205569467,23.556234217179906,93.91363628049035,4.090480319598798,Medium
131.55487977454706,23.034623485560722,86.99190479791756,8.511146112300649,Low
79.92332031504986,27.58187868918989,86.82256741425883,9.419360621747462,Low
383.5042921805266,22.526145275266167,67.47974554021428,2.6715976480466708,Medium
308.51290093096037,37.304033542353295,63.88031757727017,4.352580383981193,Medium
428.82294954122244,21.557294953251567,58.174943729991554,9.357675059038547,High
112.89756948183027,32.73555320374474,43.941691537261946,1.5562761462030037,Low
407.8702903369506,44.91742134632442,53.69412180962195,1.8312447530024065,Medium
140.73229402148502,40.34925673765047,54.79621809868148,2.465118902856064,Low
123.64517428956702,35.38048595577527,69.0446241826121,6.356915507141872,Low
123.91960906894683,27.656340519665292,84.84666439580164,2.354250439053977,Low
416.558624104122,35.59739590729096,68.4285897038768,9.712687433056601,High
349.33874931329007,33.17603659779129,43.47066696682964,5.020430745326683,Medium
285.37944114610366,30.65208459725929,97.46738805929223,5.513661643151497,Medium
211.47371785557613,23.267759418504987,96.56345914564673,3.2199275422486586,Medium
444.7402433658987,42.16510538101167,87.1113725889045,5.238642271912601,Medium
226.60029834018593,31.24461622053306,99.47967409385323,6.957222693733104,Medium
417.4697477622097,24.865562795519125,72.66893996801578,7.760594232586385,High
247.61070885659828,29.19398377193224,97.76610101519236,7.784812744389217,Medium
219.62499324120841,30.353243813223173,44.53630243700505,6.201020014246795,Medium
258.2059035513229,40.688447389171856,61.940844895682275,9.139237974944715,Medium
185.62004337386392,38.34035951403505,53.52287608040595,8.356670625754983,Low
386.424221079313,39.23262234103349,51.7499850480562,7.813433032287628,High
276.22417554161564,20.27578161071618,48.44817693356056,1.5004496951241455,Medium
154.4957128160678,30.40384995449404,77.34481849395979,1.0619016599768438,Low
454.8085579735558,32.03360379088309,86.8793113448383,2.9120254947592565,Medium
222.75104961794514,20.47980692057642,74.69790396522164,6.9717123452210705,Medium
294.59878750129485,26.495330218625856,48.817762575292576,4.700777399942912,Medium
457.91244993404615,39.00724557805337,88.66742619600825,4.621656333693806,Medium
330.90709816129646,23.427742643224978,78.15728242982371,8.961281994066525,Medium
102.60411831876382,33.382753286314795,63.28994236761973,9.060065633186548,Low
472.92445562606383,25.38004680043094,80.44781773216377,9.182577376482271,High
332.46862388213805,20.30301936609733,55.59429875456997,3.8249026886352455,Medium
200.70752659568876,26.030036439988535,60.71153250965263,7.219502314653356,Medium
112.67243269852426,44.39684387275135,95.04915058791941,3.444698631469327,Low
407.3113351716332,40.03842779707474,57.43027034028522,2.715488497670048,Medium
329.0327401678311,43.989416108025836,68.19929608947619,2.661692116126323,Medium
290.0574913893447,32.19635109815906,93.40846824376088,4.078968587772346,Medium
452.2516623729309,22.74340496693759,82.46328101605164,4.869618578018395,Medium
404.86874505103884,33.698987224342325,43.73219356988216,8.478542539495615,High
118.25369587973803,31.359433363999024,48.83818265673822,2.079019841254409,Low
190.27493050799671,41.1089270684904,40.470495446315006,7.614332626554048,Low
161.82011291650957,22.452064519606115,77.85530741374981,5.7830942277037485,Low
384.77583165770466,32.20602842554445,66.8604055246251,3.5915080840839324,Medium
65.08959563110072,23.751216617349606,48.05649105413653,5.4353762607954215,Low
306.45035819209244,28.1168981722515,97.47604726340623,3.6994786279932037,Medium
393.1064085833107,38.433926934694995,71.7795834367372,6.364737597144754,Medium
444.5445365427872,31.900453234219164,54.51359764677335,4.904595305697198,Medium
203.93678692215835,29.397207128644233,70.03621426928245,2.4796497617099087,Medium
419.5657871024058,29.861906964250885,80.77721996410646,2.0492476710012704,Medium
99.78428162984325,31.486169210149665,44.57435307841387,5.920261138649171,Low
430.9035312805332,39.62541359592642,56.482228902873516,9.12171729957493,High
107.36989804939208,42.30211722350586,88.41792945303962,4.09561917901917,Low
228.77928075216528,43.883367162598205,67.57989222415968,7.597000965003609,Medium
408.78291460079913,39.67258465638238,72.7946285219377,6.927952194457903,Medium
117.4628423069482,27.88517239370032,65.96896013256816,9.38399422878533,Low
153.16312785468867,37.20336765216355,42.63399655858031,8.388829155692267,Low
375.01365577687983,30.9400781013848,49.94498678920935,6.099447330149167,Medium
374.01644144573345,26.36676555115128,66.73249832451346,6.9132744841069655,Medium
338.5164347983838,41.021789485648064,52.551127924475665,9.085478199256315,Medium
362.276800010195,20.960658724058124,42.99874171958072,4.595669061282413,Medium
294.22599950641825,42.54404980338559,90.61897984310943,3.941152352719996,Medium
163.30957650812874,31.53693661561835,98.87155174984696,1.0972997527167672,Low
205.56319707676374,35.93003692020701,87.58857243980437,8.438959667723179,Medium
131.71897256064153,36.48384805514456,91.22709530228002,8.208826303630284,Low
458.80275260013275,42.37794351766341,54.518627819022726,1.9400906629013623,Medium
312.5263076447542,35.91674205418018,97.63761853079198,6.191716430194302,Medium
230.38313754363796,35.34833961900154,51.8155422672057,5.1758352835019865,Medium
257.90261163985974,21.66630101401725,97.08578862170994,2.0683818595820034,Medium
476.2775028253169,32.9602005486301,99.68915763795707,9.825114043546511,High
119.00813140223609,23.75422502042604,82.70336834476292,2.932262987170199,Low
313.80342440755874,38.43584421803714,98.86862390750932,1.6051076208150503,Medium
277.64990549800973,32.80554802031686,74.17238677402622,6.353626415517186,Medium
325.1544059455915,37.00569448020883,55.57250699056542,7.649800094197294,Medium
58.14958271937823,21.041822515059607,66.21975313993725,1.2919910144246827,Low
442.45575902486814,22.11980040114508,75.61365612272715,6.9284587485432,Medium
469.4532271176256,37.908084701567056,44.3848937216209,5.79062688356309,Medium
304.309932615144,21.802108399966833,77.34059587703476,1.9293850798754357,Medium
363.49287074460153,21.781418194131465,98.87067020573767,2.5527148925172587,Medium
465.1247215297831,20.302711880872188,51.406458987023655,6.111768675844725,Medium
368.2573854410294,43.912534957487004,87.555706977303,3.6672185216195956,Medium
118.6425693114176,38.43770898647517,94.47392762677717,9.444841557861844,Low
309.3297620750659,28.831285212551606,96.62209556921326,8.368662065356457,Medium
323.0217708722852,27.41338953219138,97.60813626432683,9.852104858622967,Medium
240.8588020860737,28.742580743646236,71.28757832328832,3.3370375505537258,Medium
381.3999060311253,39.36633827952954,98.63847447949021,9.727512695181794,High
470.4651566460567,36.53426527676036,85.43861242806634,4.881104828124021,Medium
466.5058308080493,24.629889196686698,49.700286174217716,4.127669157823791,Medium
252.87771713185944,24.35273338335211,68.6140063880782,1.4531457427241792,Medium
100.95712062833987,22.45989124283493,83.09987052232023,1.4748873207364235,Low
493.1785395330506,36.50756799253345,54.840418949145004,7.228101303519892,High
427.50413890067034,39.1093165555434,78.43691101293325,5.121360949906251,Medium
106.09820654147008,26.6261607081251,79.99602874279715,3.0386946343249512,Low
464.37884717781753,20.523624025772822,49.76198462851396,6.525732756927094,Medium
441.4533629279577,22.054291686910684,73.90511874716537,3.2757230642510007,Medium
283.47712570673247,44.196500871125764,86.29761465871647,6.1986857890998035,Medium
316.07394608521815,27.386119436935505,69.93373987215651,4.232878722844213,Medium
229.55121674155862,39.23057869595334,40.72618700656645,8.411970039506372,Medium
74.6427374699141,35.61658922135659,40.54230814475753,8.386265446901014,Low
200.8387587406554,29.548490991322396,61.42176063820073,5.296153583101612,Medium
411.28405186910516,25.14218155488888,95.57164410590693,4.157371984015141,Medium
52.08441035207129,23.03466045398516,53.72060677621653,4.263038169031851,Low
200.07462726101488,35.37532420097166,78.06182133230124,8.251430731013961,Medium
229.1759121159245,39.3658445159447,53.324552241599235,3.953615345178508,Medium
291.8280213220653,36.097606338528266,59.300199379572916,2.881534363361614,Medium
463.9350273857422,33.25755333122896,90.88252537608903,1.7621950768777614,Medium
205.85569746468255,21.048780585790908,83.7316865361968,5.200238087959676,Medium
206.12894085330245,44.212219439859595,45.723956638792636,5.339188890278577,Medium
381.8755616493868,39.96785479136436,65.72212125918603,8.568178393626164,High
253.49807340041323,27.32055091752412,41.75018581871587,2.991148268014576,Medium
151.0721703229919,44.49925823397126,68.85340879618053,4.428921463015599,Low
253.59778225971203,35.047039740908055,79.74604070206408,8.27565165004322,Medium
113.38565917090995,34.56056645518116,47.11015741588909,8.412612496740762,Low
129.3741439278005,38.7018294857383,57.333096334549936,4.461499683808913,Low
274.2654977327659,40.29424470225344,63.87019753012942,5.132116209580128,Medium
238.51645227704657,36.41196518328756,95.17186147936299,3.7295730176435464,Medium
461.68065548064504,23.202393659155,99.59530092537784,9.392993905773809,High
213.0772546024849,28.45668764986246,42.69467793973695,2.067793891674223,Medium
311.26475762511956,43.20209100815124,85.66047540972352,9.40374480701323,Medium
334.5189295637887,25.615390296096297,62.30344398414059,7.154798066518089,Medium
55.89250546475014,29.304175595937835,63.547491173768805,5.784149374180581,Low
348.5918174075198,30.8019220736049,85.25589840082137,1.2939315470604629,Medium
130.11618509138816,30.985124742361304,95.10558592872451,5.280365726398075,Low
482.48164286125484,35.323489562363136,97.0557156701529,4.669732945024591,Medium
116.89822748890083,43.576895943617686,74.62735516229924,2.450969307776103,Low
236.58085567716068,26.017317795812623,61.42726955803017,6.907686431505912,Medium
88.40735063538973,23.03753440752295,87.25294515152675,9.740358166314572,Low
498.5934133306763,24.936762246498432,55.060082995738014,6.059699299580726,Medium
275.9877546490592,42.17312250523174,73.84444173001106,7.4327794879955125,Medium
317.9232577940197,36.14527031638015,61.51470769149239,1.616054073094151,Medium
80.18441482479237,27.147669730979004,79.39786442247257,4.759002962352953,Low
387.48221167963,40.39867347421543,54.42393477361041,2.047226366480463,Medium
144.45751689301358,41.5342499090859,51.49557674408955,6.515162519828594,Low
454.1244302483212,41.16285846725695,95.09434520052622,9.446339423927391,High
142.31283821690323,42.97316334098886,46.10822097697221,6.955999592244747,Low
135.80947429864995,26.306025504334038,70.3574744640959,1.6912274348297938,Low
66.4473505316427,38.87604821865696,53.251166977780535,4.191995844865746,Low
262.43012529949965,31.5134874318535,42.335797799540046,5.9559704149676636,Medium
304.1785099681774,41.04996382225154,42.161129097485585,4.62886980519927,Medium
79.56888774275856,38.212266929040325,50.51330632634964,8.502796094276551,Low
398.9874275127548,39.41118616249312,92.00622127036002,8.332039042389903,High
253.97997563661244,36.404045942026784,56.9487246386216,6.506479180928993,Medium
285.975621197411,24.43571923674267,97.02755023451775,4.361121506194348,Medium
248.34323612220265,33.62567297242346,74.89733757935161,3.2980273638691973,Medium
230.3433773938967,44.616743488112704,66.19685138612596,1.9528688639181637,Medium
301.83814908869806,43.43470166242797,74.80533008016727,4.194079151378986,Medium
119.85811066882063,21.079343394925292,71.00190311357606,4.718552654869476,Low
131.86765872287202,24.12037039323593,85.5265752254395,7.082406325936662,Low
437.8035294560828,23.293219336364047,56.949763958371136,6.9234384186781615,Medium
475.75195796013475,38.14949774963239,61.183023496018144,1.6309732567713127,Medium
217.98919232588884,40.44463324642363,93.64565815199504,4.55733383888042,Medium
171.8351029145992,25.337784157766798,96.78739078902433,2.6360098049562573,Low
339.7997944575571,32.64631732379573,93.55349364918847,2.4113143478512513,Medium
233.9303769941434,41.01757570028,65.16687963743881,8.445719347635213,Medium
61.42386004715519,38.320038619156264,86.82193018041289,1.3772369504463178,Low
120.26866881478566,33.55593013729621,68.58014399806592,4.772645883119091,Low
372.18750298132886,34.75869226146932,69.85239112876613,2.5138329018986636,Medium
346.5157738595681,32.709013672907,52.28080654343704,8.913971941106265,Medium
62.19319662656757,27.438711282970516,75.46781819551099,6.0133646194753165,Low
149.88747286982726,34.1255498214754,51.16815386520088,3.082425727391632,Low
153.98365846463213,37.222132551252265,59.89388194403163,5.521845584497388,Low
352.35173461942776,41.83307289652019,91.3018120971961,7.583377237328042,High
58.86974198946387,35.9072838494812,52.424548552651316,9.623062080274904,Low
96.84886189305823,39.02803842607895,44.269497110405965,2.9840140382087705,Low
409.9622384179352,24.001790873864323,44.14045555676898,8.975635949164106,High
130.34509792445013,31.538936860494747,96.44707123018648,9.408737027507412,Low
343.7357485333436,20.233290495677334,70.41522627771008,9.247784900788597,Medium
157.18225147102692,26.166971613040577,64.5647243090211,6.718729211757188,Low
94.74862674170532,38.16154287782512,88.6527148604751,6.668385889912369,Low
159.42748594975433,44.79524878373408,90.14955567463096,4.628895698654405,Low
375.0201193350466,22.479452489680398,59.93146198693628,7.771580940734091,High
435.06341064782856,30.037357896532207,81.6170834484277,5.781646165158388,Medium
423.5989390551462,40.00177421747899,86.2673689511132,7.096942641054651,High
228.73258832830467,25.10089086572247,79.27904121195726,4.856121134639159,Medium
350.6383114567908,33.87712373255715,49.095704488005964,7.583468176388251,High
142.24293293711943,38.32678240074187,92.55298501102342,8.420243658440942,Low
181.91647861745597,35.39963625650448,72.34567316416053,2.317926309425345,Low
453.3511183345039,24.700618365385402,56.94834558220022,8.496367440168052,High
55.850865579831215,28.884614217143486,65.51369112626163,5.862668786112765,Low
88.47883888451064,39.59479461213493,42.25426542393444,8.60199318181202,Low
143.5488148157123,33.855662853300416,47.672008073345054,4.881715357069131,Low
61.93949174321887,20.130740338572817,85.93280503095164,4.411364368447315,Low
131.6459457904088,39.02476900070235,40.00069808532197,9.235546592655002,Low
312.3687024363615,20.88278387350598,64.99394970893754,3.2605234079356116,Medium
239.64104776662407,38.6433445682808,71.35061086513531,8.597910927575288,Medium
451.7022699846387,25.062014004130937,43.278065200058336,5.356185152584637,Medium
417.8496027822984,43.951837002984504,98.38468977833998,5.626858982961338,Medium
203.81780826404417,29.198518782552114,53.56751987498032,3.7762145334053563,Medium
166.7405450440816,28.173290408451976,58.25192317817685,6.157379805571141,Low
220.8615836752701,23.722201258311117,58.23655073530164,3.9269007664859017,Medium
315.6327241316635,27.64010538725537,53.824999727040996,1.3534247281748708,Medium
170.6286383702943,41.916269045705015,40.08842932517869,3.4479874480992043,Low
330.86700853211033,44.908358440681184,83.76068764527977,1.057411390659316,Medium
234.23524348605818,29.207738262671207,98.01072998795712,9.80519308351171,Medium
298.4212313833911,31.215265773863564,53.4576089971027,9.691724888377728,Medium
246.25693811089252,38.05177345506843,79.78283150820535,4.556397677250745,Medium
182.50959179386294,42.154894511626864,84.51377961752291,7.555337689056814,Low
476.8039881329705,34.8261083546696,90.90552274543148,4.112254885693825,Medium
393.62260737189234,29.788142454445733,65.35775182081655,7.039838413773785,High
113.05092909490364,30.315546021215596,58.17585433842575,8.248870387413811,Low
440.8105891540608,37.39045366242017,59.517708041381866,9.520806202230167,High
269.34403921228113,20.080456590106966,82.75727998591077,4.601910482647048,Medium
452.54850210234116,35.48973343649602,89.00676799033816,8.049681846604429,High
409.93486517629185,28.887325261033936,50.89683806539616,3.393356055689069,Medium
241.34607701115505,39.8549332819271,62.25646048946591,9.912990734142834,Medium
60.111188744052825,22.324765995578304,94.116411804949,1.2319263888791603,Low
170.90481172322575,34.70505667370976,88.40161118168436,6.4317592585100885,Low
293.73539659739015,32.024322247153094,99.09150416574855,6.935553834861944,Medium
335.0651989217663,36.058138147630686,85.25489558092485,7.19241001366716,Medium
166.04945844494102,21.62133986207421,63.59171206167534,2.083488209101801,Low
112.71023333277085,34.499594685703286,75.43827003967826,9.446768051258173,Low
425.7186065596846,34.03711469898809,79.66085525483922,2.6306495114507453,Medium
492.98098131659845,34.016502360404274,44.70734897902744,6.60478062915857,Medium
286.56058203620864,35.08719166491137,72.66981754623191,3.0040847121077645,Medium
127.25567863173657,36.91169843065906,82.55924970835657,3.764947753191438,Low
172.53829693371603,40.12472499201924,50.039278240063624,5.918126875553119,Low
58.27580444636003,26.74551800320536,86.83790304553344,4.754740767081188,Low
461.4344629522246,40.62623525450155,75.0263668308467,2.4420304087885567,Medium
102.9879873005635,32.45639205658634,97.13330714185568,2.5384276217876347,Low
309.43241398141413,21.926456978358278,42.5453378924135,4.763303093465197,Medium
173.3248493092427,21.46377323109948,55.919568253328016,7.8155468044795064,Low
299.38010113210703,28.355957967401523,76.09323275798944,9.081681821630097,Medium
343.1391747583389,39.62242442778669,57.79359473235584,1.7571489603344457,Medium
423.38381166824075,37.6920233685229,82.86544984427454,4.537935168034609,Medium
142.88957229227145,39.71537411681016,85.54031695131586,1.9022100735058896,Low
54.948122896316214,32.93172641104023,46.150957843988465,1.149332325693381,Low
111.59853353096327,31.004974948887266,70.83126785240606,6.95546814379561,Low
455.00838883164727,23.686313167657097,70.53343333546336,6.42204497769929,Medium
443.25053490313184,28.20481884023279,62.156846212932464,2.467172024333976,Medium
318.8358959766387,30.85048415434688,95.97549175418033,3.104315497837577,Medium
320.232587195144,22.21501074199043,89.65037919239327,1.2133697828006653,Medium
349.26650354581494,25.51529881778028,81.8325629145782,8.514524851249632,Medium
128.91707538055232,34.95563235159347,82.85959814409986,9.772215364436963,Low
461.4853756662319,38.39157785597975,67.70296862878715,2.2191358311522174,Medium
238.4467362014329,44.95868778482374,95.25967126579455,3.083276923887683,Medium
222.41233771227385,43.327833283588944,81.67572563519713,8.815685715522406,Medium
283.5129673772769,36.06412998837979,83.738863699349,9.338174181605664,Medium
71.13468504877477,30.5312013323518,91.70145422724072,4.776646445261293,Low
124.82751594023573,35.90443411770582,56.444295360531456,1.4556022504216672,Low
382.1151273918667,39.6412904520058,88.42425423200217,1.3545265032353746,Medium
87.25940056630691,22.958404773084684,51.71443617738952,6.165548794621094,Low
321.4184492598747,30.247622242407207,60.72051713469327,4.536055980038611,Medium
160.40709935659441,40.99505714089043,60.136627256190565,1.2578718481988906,Low
225.18302631888943,29.5958237983261,98.71152810334843,6.249271530813011,Medium
179.91218154681494,34.29680678067966,91.39223342487561,1.1017228293012022,Low
210.0527224092271,34.694234021554955,82.07019169541559,8.086347623343457,Medium
373.57065733291046,24.611906328340986,83.62340569692341,3.7578954043303443,Medium
183.70477203042876,29.05588604130721,73.72436766415427,1.362322027083089,Low
304.8820881336037,28.362782218548304,96.82544002651115,6.29516998884838,Medium
264.22268098959483,20.65491771330162,69.77552517294168,4.579159729897492,Medium
348.65202441319167,20.604794097283882,62.831062592193675,9.764203720214345,Medium
471.5733826961411,40.79242609189434,49.78212021589546,5.89778796253332,Medium
379.65744374461264,26.82677024932031,87.17233913566348,3.477152629333075,Medium
146.72317036584053,32.95196915597039,84.06663592453549,7.384949781705773,Low
64.03241077757811,27.468139339719325,63.06130231144809,3.443428022884402,Low
168.01881993492128,43.51698112788351,41.51160483755376,9.138189622668087,Low
317.7850688151147,26.482418971644343,90.33983966308065,4.372497734566387,Medium
73.14161606791265,30.741420318473377,40.68507900724442,5.948817064985847,Low
273.3648112405564,41.81825626211504,82.22198677774306,1.4551579344180596,Medium
318.5792820126001,41.04833916979521,98.21542658356341,4.835091141570077,Medium
200.40975086763237,24.652535446156932,66.2596796888922,8.491271856948956,Medium
396.9104916856199,40.06608274489276,54.09840429975716,8.250839248270077,High
97.96921391019731,31.454672168447317,82.29226060260291,3.0188670296817364,Low
83.81200178111393,32.07422180213388,89.0276885209351,3.034711639095064,Low
377.6849402916215,23.336999310398596,72.78581896467084,8.35574780991913,High
272.9710922927893,22.015037843928116,98.02211651536877,9.37358578152393,Medium
359.7810783924812,38.198482674344135,43.100123299477666,1.858248291457032,Medium
245.67230237168582,32.411528808882494,70.28773589827169,5.050527754836027,Medium
160.88091495759807,30.921267565379488,83.107236839353,4.0370885106780605,Low
418.5960429533899,38.23770571630992,91.75842826895074,8.836196099116954,High
409.73714553604066,39.13782247477774,50.755336714467404,1.751724232120169,Medium
362.61341188449205,23.97270419173384,88.00020890582088,2.9001334830223366,Medium
172.4653117534832,35.255628736941034,73.1624245431127,7.772215038278449,Low
315.60380009108917,23.38385205694214,63.7932209193978,1.4616446408309403,Medium
212.43825362301206,38.784377150726144,47.90290171474561,5.432818426428604,Medium
91.21193299698537,36.42387890667849,91.91774553453475,4.9789633121174806,Low
462.79110895800926,43.91536552708645,49.43639249078292,4.009610610898738,Medium
111.56838391353263,21.72395040891053,58.58727155254596,4.551150837870314,Low
477.6068092193611,21.426368028781358,57.40273191774621,5.769465282372097,Medium
250.70259783108008,27.054676867330002,92.28484205145125,2.452306225495448,Medium
